Basins,Bags,TV,Amplifier,Pants,Dresses,Skirts,B10_matoyos,S23_yala,S22_ambira,S13_akala,S11_rwambwa,S28_ukwala,S14_ndori,S25_ramula,S16_manywanda,B07_bumala
B06IT01,B05IT01,B02IT01,B01IT01,B04IT01,B12IT01,B03IT01,B10IT01,S23IT01,S22IT01,S13IT01,S11IT01,S28IT01,S14IT01,S25IT01,S16IT01,B07IT01
B06IT02,B05IT02,B02IT02,B01IT02,B04IT02,B12IT02,B03IT02,B10IT02,S23IT02,S22IT02,S13IT02,S11IT02,S28IT02,S14IT02,S25IT02,S16IT02,B07IT02
B06IT03,B05IT03,B02IT03,B01IT03,B04IT03,B12IT03,B03IT03,B10IT03,S23IT03,S22IT03,S13IT03,S11IT03,S28IT03,S14IT03,S25IT03,S16IT03,B07IT03
B06IT04,B05IT04,B02IT04,B01IT04,B04IT04,B12IT04,B03IT04,B10IT04,S23IT04,S22IT04,S13IT04,S11IT04,S28IT04,S14IT04,S25IT04,S16IT04,B07IT04
B06IT05,B05IT05,B02IT05,B01IT05,B04IT05,B12IT05,B03IT05,B10IT05,S23IT05,S22IT05,S13IT05,S11IT05,S28IT05,S14IT05,S25IT05,S16IT05,B07IT05
B06IT06,B05IT06,B02IT06,B01IT06,B04IT06,B12IT06,B03IT06,B10IT06,S23IT06,S22IT06,S13IT06,S11IT06,S28IT06,S14IT06,S25IT06,S16IT06,B07IT06
B06OT01,B05OT01,B02OT01,B01OT01,B04OT01,B12OT01,B03OT01,B10OT01,S23OT01,S22OT01,S13OT01,S11OT01,S28OT01,S14OT01,S25OT01,S16OT01,B07OT01
B06OT02,B05OT02,B02OT02,B01OT02,B04OT02,B12OT02,B03OT02,B10OT02,S23OT02,S22OT02,S13OT02,S11OT02,S28OT02,S14OT02,S25OT02,S16OT02,B07OT02
B06OT03,B05OT03,B02OT03,B01OT03,B04OT03,B12OT03,B03OT03,B10OT03,S23OT03,S22OT03,S13OT03,S11OT03,S28OT03,S14OT03,S25OT03,S16OT03,B07OT03
B06OT04,B05OT04,B02OT04,B01OT04,B04OT04,B12OT04,B03OT04,B10OT04,S23OT04,S22OT04,S13OT04,S11OT04,S28OT04,S14OT04,S25OT04,S16OT04,B07OT04
B06OT05,B05OT05,B02OT05,B01OT05,B04OT05,B12OT05,B03OT05,B10OT05,S23OT05,S22OT05,S13OT05,S11OT05,S28OT05,S14OT05,S25OT05,S16OT05,B07OT05
B06OT06,B05OT06,B02OT06,B01OT06,B04OT06,B12OT06,B03OT06,B10OT06,S23OT06,S22OT06,S13OT06,S11OT06,S28OT06,S14OT06,S25OT06,S16OT06,B07OT06
B06ST01,B05ST01,B02ST01,B01ST01,B04ST01,B12ST01,B03ST01,B10ST01,S23ST01,S22ST01,S13ST01,S11ST01,S28ST01,S14ST01,S25ST01,S16ST01,B07ST01
B06ST02,B05ST02,B02ST02,B01ST02,B04ST02,B12ST02,B03ST02,B10ST02,S23ST02,S22ST02,S13ST02,S11ST02,S28ST02,S14ST02,S25ST02,S16ST02,B07ST02
B06ST03,B05ST03,B02ST03,B01ST03,B04ST03,B12ST03,B03ST03,B10ST03,S23ST03,S22ST03,S13ST03,S11ST03,S28ST03,S14ST03,S25ST03,S16ST03,B07ST03
B06ST04,B05ST04,B02ST04,B01ST04,B04ST04,B12ST04,B03ST04,B10ST04,S23ST04,S22ST04,S13ST04,S11ST04,S28ST04,S14ST04,S25ST04,S16ST04,B07ST04
B06ST05,B05ST05,B02ST05,B01ST05,B04ST05,B12ST05,B03ST05,B10ST05,S23ST05,S22ST05,S13ST05,S11ST05,S28ST05,S14ST05,S25ST05,S16ST05,B07ST05
B06ST06,B05ST06,B02ST06,B01ST06,B04ST06,B12ST06,B03ST06,B10ST06,S23ST06,S22ST06,S13ST06,S11ST06,S28ST06,S14ST06,S25ST06,S16ST06,B07ST06
B06HP01,B05HP01,B02HP01,B01HP01,B04HP01,B12HP01,B03HP01,B10HP01,S23HP01,S22HP01,S13HP01,S11HP01,S28HP01,S14HP01,S25HP01,S16HP01,B07HP01
B06HP02,B05HP02,B02HP02,B01HP02,B04HP02,B12HP02,B03HP02,B10HP02,S23HP02,S22HP02,S13HP02,S11HP02,S28HP02,S14HP02,S25HP02,S16HP02,B07HP02
B06HP03,B05HP03,B02HP03,B01HP03,B04HP03,B12HP03,B03HP03,B10HP03,S23HP03,S22HP03,S13HP03,S11HP03,S28HP03,S14HP03,S25HP03,S16HP03,B07HP03
B06HP04,B05HP04,B02HP04,B01HP04,B04HP04,B12HP04,B03HP04,B10HP04,S23HP04,S22HP04,S13HP04,S11HP04,S28HP04,S14HP04,S25HP04,S16HP04,B07HP04
B06HP05,B05HP05,B02HP05,B01HP05,B04HP05,B12HP05,B03HP05,B10HP05,S23HP05,S22HP05,S13HP05,S11HP05,S28HP05,S14HP05,S25HP05,S16HP05,B07HP05
